"residue1","residue2","n_type","weight","description","full description"
"A2","A3","GA",0.00400153504433,"?S_1BR","?S_1BR (O4'-1)"
"A2","A3","GA",1.0,">>",">> (mo)"
"A2","A43","GC",0.907209396979,"diagonal-nc-ww","diagonal-nc-ww (3)"
"A2","A44","GU",0.995486305796,"diagonal-nc-ww","diagonal-nc-ww (4)"
"A2","A45","GC",0.854323768313,"WW_cis","WW_cis (10)"
"A2","A46","GC",0.0843379424159,"?W_345BR","?W_345BR (O4'-5)"
"A2","A46","GC",0.340549678987,"?<>","?<> (fuzzy-1)"
"A3","A2","AG",1.0,"<<","<< (mo)"
"A3","A2","AG",0.00215910616098,"?H_0BPh","?H_0BPh (O5'-1)"
"A3","A2","AG",0.172601978207,"?H_0BR","?H_0BR (O3'-1)"
"A3","A4","AG",1.0,"base-ribose-stacking","base-ribose-stacking"
"A3","A4","AG",1.0,">>",">> (mo)"
"A3","A43","AC",0.0513283677154,"?WW_cis","?WW_cis (f11)"
"A3","A43","AC",0.993527590606,"diagonal-nc-ww","diagonal-nc-ww (2)"
"A3","A44","AU",0.885283322858,"WW_cis","WW_cis (4)"
"A3","A45","AC",0.118658210003,"?<>","?<> (fuzzy-5)"
"A4","A3","GA",1.0,"<<","<< (mo)"
"A4","A3","GA",0.171815402923,"?H_0BR","?H_0BR (O3'-1)"
"A4","A5","GU",1.0,"base-ribose-stacking","base-ribose-stacking"
"A4","A5","GU",1.0,">>",">> (mo)"
"A4","A41","GU",0.945319873688,"diagonal-nc-ww","diagonal-nc-ww (1)"
"A4","A42","GG",0.988655084871,"diagonal-nc-ww","diagonal-nc-ww (2)"
"A4","A43","GC",0.627825821781,"WW_cis","WW_cis (7)"
"A4","A44","GU",0.364810654927,"?<>","?<> (fuzzy-6)"
"A5","A4","UG",1.0,"<<","<< (mo)"
"A5","A4","UG",0.0355814826757,"?H_0BPh","?H_0BPh (O5'-1)"
"A5","A6","UA",0.605974860664,">>",">> (relaxed-n12cc-1)"
"A5","A6","UA",0.897401581433,"diagonal-c","diagonal-c (4)"
"A5","A42","UG",0.731699134467,"WW_cis","WW_cis (3)"
"A5","A43","UC",0.694714712039,"diagonal-nc-ww","diagonal-nc-ww (5)"
"A6","A5","AU",0.782550770519,"<<","<< (relaxed-n12cc-1)"
"A6","A5","AU",0.462775595316,"?diagonal-c","?diagonal-c (1)"
"A6","A5","AU",0.0312164359278,"?HW_cis","?HW_cis (f14)"
"A6","A5","AU",0.178187812202,"?H_0BR","?H_0BR (O3'-1)"
"A6","A7","AG",0.893789596926,"diagonal-c","diagonal-c (1)"
"A6","A10","AG",0.851926992219,"diagonal-nc-ww","diagonal-nc-ww (1)"
"A6","A40","AU",0.991184798978,"diagonal-nc-ww","diagonal-nc-ww (5)"
"A6","A41","AU",0.878937842421,"WW_cis","WW_cis (1)"
"A6","A42","AG",1.0,"<>","<> (mo)"
"A7","A6","GA",1.0,"H_0BR","H_0BR"
"A7","A6","GA",0.389594415868,"?diagonal-c","?diagonal-c (5)"
"A7","A8","GA",1.0,"base-ribose-stacking","base-ribose-stacking"
"A7","A8","GA",1.0,">>",">> (mo)"
"A7","A42","GG",0.0600073465066,"?HS_tran","?HS_tran (f12)"
"A7","A43","GC",0.3242271383,"?W_345BR","?W_345BR (O2'-4)"
"A8","A6","AA",0.00905402253627,"?H_789BR","?H_789BR (O2'-2)"
"A8","A7","AG",1.0,"<<","<< (mo)"
"A8","A7","AG",0.144011672249,"?H_0BPh","?H_0BPh (O5'-5)"
"A8","A7","AG",0.179861401129,"?H_0BR","?H_0BR (O3'-1)"
"A8","A9","AA",1.0,"base-ribose-stacking","base-ribose-stacking"
"A8","A9","AA",0.355154060932,"?>>","?>> (fuzzy-8)"
"A8","A9","AA",0.0215720930831,"?H_0BPh","?H_0BPh (OP2-5)"
"A8","A9","AA",0.654958742013,"diagonal-c","diagonal-c (1)"
"A8","A42","AG",0.38780344385,"?W_6BR","?W_6BR (O2'-5)"
"A8","A42","AG",0.225036402083,"?WS_cis","?WS_cis (f3)"
"A9","A8","AA",0.409593452401,"?<<","?<< (fuzzy-11)"
"A9","A8","AA",0.0509726576833,"?H_0BPh","?H_0BPh (O5'-1)"
"A9","A8","AA",0.88592454728,"diagonal-c","diagonal-c (2)"
"A9","A10","AG",1.0,"base-ribose-stacking","base-ribose-stacking"
"A9","A10","AG",1.0,">>",">> (mo)"
"A9","A10","AG",0.763661423259,"diagonal-c","diagonal-c (5)"
"A9","A41","AU",0.804786482126,"WS_cis","WS_cis (3)"
"A9","A41","AU",0.193167520673,"?W_6BR","?W_6BR (O2'-5)"
"A9","A42","AG",0.937369348588,"diagonal-nc-ww","diagonal-nc-ww (4)"
"A9","A42","AG",1.0,"base-ribose-stacking","base-ribose-stacking"
"A9","A42","AG",0.0958752067077,"?SW_2BPh","?SW_2BPh (O5'-5)"
"A10","A6","GA",0.707460912542,"diagonal-nc-ww","diagonal-nc-ww (1)"
"A10","A9","GA",1.0,"<<","<< (mo)"
"A10","A9","GA",0.209706651394,"?H_0BR","?H_0BR (O3'-1)"
"A10","A9","GA",0.78822544871,"diagonal-c","diagonal-c (5)"
"A10","A11","GC",1.0,"base-ribose-stacking","base-ribose-stacking"
"A10","A11","GC",1.0,">>",">> (mo)"
"A10","A35","GG",0.175526180907,"?WW_cis","?WW_cis (f10)"
"A10","A35","GG",0.984156961841,"diagonal-nc-ww","diagonal-nc-ww (5)"
"A10","A40","GU",0.0197894035732,"?S_1BR","?S_1BR (O2'-4)"
"A10","A40","GU",0.216203289693,"?WS_cis","?WS_cis (f9)"
"A10","A41","GU",0.680129353718,"diagonal-nc-ww","diagonal-nc-ww (1)"
"A10","A41","GU",0.101267851952,"?S_1BR","?S_1BR (O4'-5)"
"A10","A41","GU",0.142617608255,"?<>","?<> (fuzzy-1)"
"A11","A10","CG",0.0869982880664,"?H_789BPh","?H_789BPh (O5'-5)"
"A11","A10","CG",1.0,"<<","<< (mo)"
"A11","A10","CG",0.18447622287,"?H_0BR","?H_0BR (O3'-1)"
"A11","A12","CG",0.1621085793,"?H_0BPh","?H_0BPh (OP2-5)"
"A11","A12","CG",1.0,">>",">> (mo)"
"A11","A12","CG",0.585793123341,"diagonal-c","diagonal-c (1)"
"A11","A13","CU",0.611572722257,"diagonal-nc-ww","diagonal-nc-ww (1)"
"A11","A35","CG",0.201613619053,"?W_6BPh","?W_6BPh (OP2-1)"
"A11","A35","CG",0.818433761884,"WW_cis","WW_cis (6)"
"A11","A40","CU",0.438926297154,"?diagonal-nc-ww","?diagonal-nc-ww (1)"
"A12","A11","GC",1.0,"<<","<< (mo)"
"A12","A11","GC",0.548759854627,"diagonal-c","diagonal-c (1)"
"A12","A13","GU",0.697510591328,"SH_cis","SH_cis (2)"
"A12","A34","GC",0.265220420135,"?W_345BR","?W_345BR (O3'-4)"
"A12","A34","GC",1.0,"base-ribose-stacking","base-ribose-stacking"
"A12","A34","GC",1.0,"><",">< (mo)"
"A12","A35","GG",1.0,"<>","<> (mo)"
"A12","A35","GG",1.0,"W_345BPh","W_345BPh"
"A12","A35","GG",0.159092531374,"?W_345BR","?W_345BR (O4'-4)"
"A12","A38","GA",0.534840010786,"diagonal-nc-ww","diagonal-nc-ww (1)"
"A13","A12","UG",1.0,"H_0BR","H_0BR"
"A13","A12","UG",0.787625354882,"HS_cis","HS_cis (2)"
"A13","A14","UU",1.0,">>",">> (mo)"
"A13","A14","UU",0.722164417097,"diagonal-c","diagonal-c (5)"
"A13","A34","UC",0.632240672445,"diagonal-nc-ww","diagonal-nc-ww (1)"
"A13","A34","UC",0.0324536352542,"?H_789BR","?H_789BR (O2'-5)"
"A13","A35","UG",0.708830870304,"diagonal-nc-ww","diagonal-nc-ww (1)"
"A13","A36","UG",0.989746150055,"diagonal-nc-ww","diagonal-nc-ww (1)"
"A13","A37","UA",0.184479944755,"?WW_cis","?WW_cis (f17)"
"A13","A37","UA",0.98534642738,"diagonal-nc-ww","diagonal-nc-ww (5)"
"A13","A38","UA",0.783488628929,"WW_cis","WW_cis (2)"
"A13","A39","UA",0.154075863234,"?<>","?<> (fuzzy-3)"
"A14","A12","UG",0.620313551166,"diagonal-nc-ww","diagonal-nc-ww (1)"
"A14","A13","UU",1.0,"<<","<< (mo)"
"A14","A13","UU",0.0862416702037,"?H_0BR","?H_0BR (O2'-5)"
"A14","A13","UU",0.665186087893,"diagonal-c","diagonal-c (1)"
"A14","A15","UC",1.0,"base-ribose-stacking","base-ribose-stacking"
"A14","A15","UC",0.252754586609,"?diagonal-c","?diagonal-c (1)"
"A14","A15","UC",1.0,">>",">> (mo)"
"A14","A33","UC",0.806213826505,"diagonal-nc-ww","diagonal-nc-ww (1)"
"A14","A36","UG",0.994011908175,"diagonal-nc-ww","diagonal-nc-ww (3)"
"A14","A37","UA",0.844942669441,"WW_cis","WW_cis (1)"
"A14","A38","UA",0.129139386969,"?<>","?<> (fuzzy-1)"
"A15","A14","CU",1.0,"<<","<< (mo)"
"A15","A14","CU",0.128311771099,"?H_0BR","?H_0BR (O3'-1)"
"A15","A14","CU",0.0736254802666,"?diagonal-c","?diagonal-c (5)"
"A15","A16","CA",0.911385693279,">>",">> (relaxed-n12cc-5)"
"A15","A16","CA",0.838331779227,"diagonal-c","diagonal-c (4)"
"A15","A33","CC",0.91875781844,"diagonal-nc-ww","diagonal-nc-ww (1)"
"A15","A36","CG",0.868775172477,"WW_cis","WW_cis (6)"
"A15","A37","CA",0.362325865894,"?<>","?<> (fuzzy-13)"
"A16","A15","AC",0.119947840704,"?H_0BR","?H_0BR (O2'-1)"
"A16","A15","AC",0.873077993921,"<<","<< (relaxed-n12cc-4)"
"A16","A15","AC",0.713533260128,"diagonal-c","diagonal-c (5)"
"A16","A15","AC",0.194725869958,"?HW_cis","?HW_cis (f6)"
"A16","A15","AC",0.0218328771662,"?H_0BPh","?H_0BPh (O5'-1)"
"A16","A17","AG",1.0,"base-ribose-stacking","base-ribose-stacking"
"A16","A17","AG",1.0,">>",">> (mo)"
"A16","A17","AG",0.78621232404,"diagonal-c","diagonal-c (5)"
"A16","A32","AC",0.978158325881,"diagonal-nc-ww","diagonal-nc-ww (2)"
"A16","A33","AC",0.00499496593709,"?W_6BR","?W_6BR (O2'-1)"
"A16","A33","AC",0.672553116489,"WW_cis","WW_cis (2)"
"A16","A36","AG",1.0,"<>","<> (mo)"
"A17","A16","GA",1.0,"<<","<< (mo)"
"A17","A16","GA",0.28695142767,"?H_0BR","?H_0BR (O3'-5)"
"A17","A16","GA",0.815332530794,"diagonal-c","diagonal-c (5)"
"A17","A18","GC",1.0,">>",">> (mo)"
"A17","A30","GC",0.945807406548,"diagonal-nc-ww","diagonal-nc-ww (1)"
"A17","A31","GG",0.993717852562,"diagonal-nc-ww","diagonal-nc-ww (3)"
"A17","A32","GC",0.746585154141,"WW_cis","WW_cis (7)"
"A17","A33","GC",0.222361205646,"?W_345BR","?W_345BR (O4'-5)"
"A17","A33","GC",0.728778195042,"diagonal-nc-ww","diagonal-nc-ww (1)"
"A17","A33","GC",0.121029315687,"?<>","?<> (fuzzy-1)"
"A18","A17","CG",1.0,"<<","<< (mo)"
"A18","A17","CG",0.0474672112896,"?H_0BPh","?H_0BPh (O5'-5)"
"A18","A17","CG",0.147439040027,"?H_0BR","?H_0BR (O2'-1)"
"A18","A19","CG",0.873598311974,">>",">> (relaxed-n12cc-4)"
"A18","A19","CG",0.594174623858,"diagonal-c","diagonal-c (1)"
"A18","A30","CC",0.987262554986,"diagonal-nc-ww","diagonal-nc-ww (2)"
"A18","A31","CG",0.807047958376,"WW_cis","WW_cis (26)"
"A18","A32","CC",0.843938522561,"diagonal-nc-ww","diagonal-nc-ww (5)"
"A18","A32","CC",0.0699880527937,"?<>","?<> (fuzzy-1)"
"A19","A18","GC",1.0,"H_0BR","H_0BR"
"A19","A18","GC",0.743984584279,"<<","<< (relaxed-n12cc-12)"
"A19","A18","GC",0.482711676489,"?diagonal-c","?diagonal-c (1)"
"A19","A20","GG",1.0,">>",">> (mo)"
"A19","A20","GG",0.564017895357,"diagonal-c","diagonal-c (2)"
"A19","A28","GG",0.949058672105,"diagonal-nc-ww","diagonal-nc-ww (1)"
"A19","A29","GC",0.991547785375,"diagonal-nc-ww","diagonal-nc-ww (4)"
"A19","A30","GC",0.833851355408,"WW_cis","WW_cis (1)"
"A19","A31","GG",1.0,"<>","<> (mo)"
"A20","A19","GG",1.0,"<<","<< (mo)"
"A20","A19","GG",0.23276884426,"?H_0BR","?H_0BR (O3'-1)"
"A20","A19","GG",0.540457115495,"diagonal-c","diagonal-c (5)"
"A20","A21","GC",1.0,"base-ribose-stacking","base-ribose-stacking"
"A20","A21","GC",1.0,">>",">> (mo)"
"A20","A27","GG",0.945232866346,"diagonal-nc-ww","diagonal-nc-ww (1)"
"A20","A28","GG",0.196375929059,"?WW_cis","?WW_cis (f16)"
"A20","A28","GG",0.991492116123,"diagonal-nc-ww","diagonal-nc-ww (5)"
"A20","A29","GC",0.834265619492,"WW_cis","WW_cis (1)"
"A20","A30","GC",0.0172752879074,"?W_345BR","?W_345BR (O4'-5)"
"A20","A30","GC",0.336285396843,"?<>","?<> (fuzzy-12)"
"A21","A20","CG",0.154350211987,"?H_789BPh","?H_789BPh (O5'-5)"
"A21","A20","CG",1.0,"<<","<< (mo)"
"A21","A20","CG",1.0,"H_0BR","H_0BR"
"A21","A22","CC",1.0,">>",">> (mo)"
"A21","A22","CC",0.890606370754,"diagonal-c","diagonal-c (5)"
"A21","A27","CG",0.987813497781,"diagonal-nc-ww","diagonal-nc-ww (4)"
"A21","A28","CG",0.877324035569,"WW_cis","WW_cis (4)"
"A21","A29","CC",0.823648922561,"diagonal-nc-ww","diagonal-nc-ww (5)"
"A22","A21","CC",1.0,"<<","<< (mo)"
"A22","A21","CC",0.0646485040813,"?H_0BR","?H_0BR (O3'-1)"
"A22","A21","CC",0.404132474774,"?diagonal-c","?diagonal-c (5)"
"A22","A23","CG",1.0,"base-ribose-stacking","base-ribose-stacking"
"A22","A23","CG",0.121066394883,"?H_0BPh","?H_0BPh (OP2-5)"
"A22","A23","CG",0.818167458635,">>",">> (relaxed-n12cc-5)"
"A22","A23","CG",0.521579354592,"diagonal-c","diagonal-c (1)"
"A22","A26","CA",0.846531905037,"diagonal-nc-ww","diagonal-nc-ww (2)"
"A22","A27","CG",0.884252544897,"WW_cis","WW_cis (9)"
"A22","A28","CG",1.0,"<>","<> (mo)"
"A23","A22","GC",0.172411692433,"?H_0BR","?H_0BR (O3'-1)"
"A23","A22","GC",0.76188622058,"<<","<< (relaxed-n12cc-10)"
"A23","A22","GC",0.495111524189,"?diagonal-c","?diagonal-c (1)"
"A23","A22","GC",0.062065284282,"?H_0BPh","?H_0BPh (O5'-5)"
"A23","A22","GC",0.102508196988,"?HW_cis","?HW_cis (f9)"
"A23","A24","GA",0.0310606414603,"?H_0BPh","?H_0BPh (OP2-1)"
"A23","A25","GA",0.101755260639,"?W_345BR","?W_345BR (O3'-1)"
"A23","A25","GA",0.581330361702,"diagonal-nc-ww","diagonal-nc-ww (1)"
"A23","A26","GA",0.826225046444,"SH_tran","SH_tran (5)"
"A23","A26","GA",1.0,"W_345BPh","W_345BPh"
"A23","A27","GG",1.0,"<>","<> (mo)"
"A24","A23","AG",0.355944080146,"?H_0BR","?H_0BR (O3'-4)"
"A24","A25","AA",1.0,"base-ribose-stacking","base-ribose-stacking"
"A24","A25","AA",1.0,">>",">> (mo)"
"A25","A23","AG",0.577518088387,"diagonal-nc-ww","diagonal-nc-ww (1)"
"A25","A23","AG",0.453477851973,"?H_789BR","?H_789BR (O2'-5)"
"A25","A24","AA",1.0,"<<","<< (mo)"
"A25","A24","AA",0.0740194020693,"?H_0BPh","?H_0BPh (O5'-5)"
"A25","A24","AA",0.179784829054,"?H_0BR","?H_0BR (O3'-1)"
"A25","A26","AA",1.0,"base-ribose-stacking","base-ribose-stacking"
"A25","A26","AA",1.0,">>",">> (mo)"
"A26","A22","AC",0.855550059555,"diagonal-nc-ww","diagonal-nc-ww (1)"
"A26","A23","AG",0.772703210374,"HS_tran","HS_tran (7)"
"A26","A25","AA",1.0,"<<","<< (mo)"
"A26","A25","AA",0.276124912248,"?H_0BR","?H_0BR (O3'-1)"
"A26","A27","AG",0.178315141619,"?HS_cis","?HS_cis (f8)"
"A26","A27","AG",1.0,"base-ribose-stacking","base-ribose-stacking"
"A26","A27","AG",0.0613289124953,"?H_0BPh","?H_0BPh (OP2-5)"
"A26","A27","AG",0.922254956638,"diagonal-c","diagonal-c (5)"
"A27","A21","GC",0.993435313368,"diagonal-nc-ww","diagonal-nc-ww (2)"
"A27","A22","GC",0.805696846666,"WW_cis","WW_cis (1)"
"A27","A23","GG",1.0,"<>","<> (mo)"
"A27","A26","GA",0.941878747986,"diagonal-c","diagonal-c (5)"
"A27","A26","GA",0.090238255795,"?H_0BPh","?H_0BPh (O5'-1)"
"A27","A26","GA",0.0317410352024,"?SH_cis","?SH_cis (f7)"
"A27","A28","GG",0.027192737429,"?S_1BR","?S_1BR (O4'-5)"
"A27","A28","GG",0.991153069743,">>",">> (relaxed-n12cc-7)"
"A27","A28","GG",0.554623381912,"diagonal-c","diagonal-c (2)"
"A28","A19","GG",0.95161156078,"diagonal-nc-ww","diagonal-nc-ww (1)"
"A28","A20","GG",0.197586868137,"?WW_cis","?WW_cis (f1)"
"A28","A20","GG",0.988195985646,"diagonal-nc-ww","diagonal-nc-ww (5)"
"A28","A21","GC",0.862116766787,"WW_cis","WW_cis (1)"
"A28","A22","GC",1.0,"<>","<> (mo)"
"A28","A27","GG",0.976027125788,"<<","<< (relaxed-n12cc-12)"
"A28","A27","GG",0.329823578102,"?H_0BR","?H_0BR (O2'-5)"
"A28","A27","GG",0.524375604385,"diagonal-c","diagonal-c (5)"
"A28","A29","GC",1.0,">>",">> (mo)"
"A29","A19","CG",0.986862784075,"diagonal-nc-ww","diagonal-nc-ww (4)"
"A29","A19","CG",0.0225455859928,"?WH_tran","?WH_tran (f15)"
"A29","A20","CG",0.885005257037,"WW_cis","WW_cis (2)"
"A29","A21","CC",0.857157294451,"diagonal-nc-ww","diagonal-nc-ww (5)"
"A29","A28","CG",0.0122383680997,"?H_789BPh","?H_789BPh (O5'-5)"
"A29","A28","CG",1.0,"<<","<< (mo)"
"A29","A28","CG",0.279769867943,"?H_0BR","?H_0BR (O3'-1)"
"A29","A30","CC",1.0,"base-ribose-stacking","base-ribose-stacking"
"A29","A30","CC",1.0,">>",">> (mo)"
"A30","A17","CG",0.902073126071,"diagonal-nc-ww","diagonal-nc-ww (1)"
"A30","A18","CC",0.992714940874,"diagonal-nc-ww","diagonal-nc-ww (4)"
"A30","A19","CG",0.831122873485,"WW_cis","WW_cis (12)"
"A30","A20","CG",0.337245882731,"?<>","?<> (fuzzy-1)"
"A30","A29","CC",1.0,"<<","<< (mo)"
"A30","A29","CC",0.0155662783382,"?H_0BPh","?H_0BPh (O5'-1)"
"A30","A29","CC",0.106240938328,"?H_0BR","?H_0BR (O3'-1)"
"A30","A31","CG",1.0,"base-ribose-stacking","base-ribose-stacking"
"A30","A31","CG",0.0761864951625,"?H_0BPh","?H_0BPh (OP2-5)"
"A30","A31","CG",0.906766501636,">>",">> (relaxed-n12cc-4)"
"A30","A31","CG",0.556770300187,"diagonal-c","diagonal-c (1)"
"A31","A16","GA",0.902017315262,"diagonal-nc-ww","diagonal-nc-ww (1)"
"A31","A17","GG",0.99156316056,"diagonal-nc-ww","diagonal-nc-ww (3)"
"A31","A18","GC",0.767229727575,"WW_cis","WW_cis (4)"
"A31","A19","GG",1.0,"<>","<> (mo)"
"A31","A30","GC",0.930769629029,"<<","<< (relaxed-n12cc-6)"
"A31","A30","GC",0.517418415925,"diagonal-c","diagonal-c (1)"
"A31","A30","GC",0.0429109493499,"?HW_cis","?HW_cis (f9)"
"A31","A30","GC",0.202512545436,"?H_0BR","?H_0BR (O3'-1)"
"A31","A32","GC",1.0,"base-ribose-stacking","base-ribose-stacking"
"A31","A32","GC",1.0,">>",">> (mo)"
"A32","A16","CA",0.98656290564,"diagonal-nc-ww","diagonal-nc-ww (1)"
"A32","A17","CG",0.725952902757,"WW_cis","WW_cis (1)"
"A32","A18","CC",0.731693561526,"diagonal-nc-ww","diagonal-nc-ww (5)"
"A32","A18","CC",0.0940062971113,"?<>","?<> (fuzzy-1)"
"A32","A31","CG",1.0,"<<","<< (mo)"
"A32","A31","CG",0.183692954217,"?H_0BR","?H_0BR (O3'-1)"
"A32","A33","CC",1.0,"base-ribose-stacking","base-ribose-stacking"
"A32","A33","CC",1.0,">>",">> (mo)"
"A33","A13","CU",0.122028600985,"?W_6BPh","?W_6BPh (OP2-4)"
"A33","A14","CU",0.910844239566,"diagonal-nc-ww","diagonal-nc-ww (5)"
"A33","A14","CU",0.103907245183,"?W_6BPh","?W_6BPh (OP2-4)"
"A33","A16","CA",0.689041656565,"WW_cis","WW_cis (6)"
"A33","A17","CG",0.587825356159,"diagonal-nc-ww","diagonal-nc-ww (1)"
"A33","A17","CG",0.174732914571,"?<>","?<> (fuzzy-1)"
"A33","A32","CC",0.116536486204,"?H_789BPh","?H_789BPh (O5'-5)"
"A33","A32","CC",1.0,"<<","<< (mo)"
"A33","A32","CC",0.21031233439,"?H_0BR","?H_0BR (O3'-1)"
"A33","A34","CC",1.0,"base-ribose-stacking","base-ribose-stacking"
"A33","A34","CC",0.776486258152,"long-stacking-c","long-stacking-c (1)"
"A33","A36","CG",0.681484879397,"diagonal-nc-ww","diagonal-nc-ww (1)"
"A33","A37","CA",0.808423123558,"diagonal-nc-ww","diagonal-nc-ww (1)"
"A34","A12","CG",0.168506049317,"?W_6BPh","?W_6BPh (O5'-1)"
"A34","A12","CG",0.289428343373,"?W_6BR","?W_6BR (O2'-3)"
"A34","A12","CG",1.0,"><",">< (mo)"
"A34","A13","CU",0.577849096001,"diagonal-nc-ww","diagonal-nc-ww (1)"
"A34","A13","CU",0.01359782114,"?W_6BPh","?W_6BPh (NEXT:O3'-4)"
"A34","A33","CC",0.847562730838,"diagonal-c","diagonal-c (5)"
"A34","A35","CG",0.877502881923,"long-stacking-c","long-stacking-c (3)"
"A34","A35","CG",0.100505388147,"?H_0BPh","?H_0BPh (NEXT:O3'-5)"
"A35","A7","GG",0.0111837835125,"?H_0BPh","?H_0BPh (OP1-1)"
"A35","A10","GG",0.163915092712,"?WW_cis","?WW_cis (f7)"
"A35","A10","GG",0.993316222701,"diagonal-nc-ww","diagonal-nc-ww (5)"
"A35","A10","GG",0.0659045090958,"?><","?>< (fuzzy-1)"
"A35","A10","GG",0.119495270003,"?WH_tran","?WH_tran (f9)"
"A35","A11","GC",0.921383562762,"WW_cis","WW_cis (4)"
"A35","A12","GG",1.0,"<>","<> (mo)"
"A35","A13","GU",0.523067020182,"diagonal-nc-ww","diagonal-nc-ww (1)"
"A35","A34","GC",0.763833218701,"long-stacking-c","long-stacking-c (3)"
"A35","A36","GG",0.352058784713,"?H_0BPh","?H_0BPh (OP2-1)"
"A35","A37","GA",0.354112768628,"?diagonal-nc-ww","?diagonal-nc-ww (1)"
"A35","A39","GA",0.774305064965,"SW_tran","SW_tran (3)"
"A35","A40","GU",0.686090649267,"diagonal-nc-ww","diagonal-nc-ww (1)"
"A35","A40","GU",0.279666218921,"?SW_tran","?SW_tran (f4)"
"A36","A13","GU",0.953189943684,"diagonal-nc-ww","diagonal-nc-ww (1)"
"A36","A14","GU",0.996260513286,"diagonal-nc-ww","diagonal-nc-ww (3)"
"A36","A15","GC",0.801812415065,"WW_cis","WW_cis (4)"
"A36","A16","GA",1.0,"<>","<> (mo)"
"A36","A16","GA",0.0613471820029,"?W_345BR","?W_345BR (O4'-1)"
"A36","A33","GC",0.865623360406,"diagonal-nc-ww","diagonal-nc-ww (5)"
"A36","A37","GA",0.109755233992,"?S_1BR","?S_1BR (O4'-1)"
"A36","A37","GA",1.0,">>",">> (mo)"
"A37","A13","AU",0.106653264471,"?WW_cis","?WW_cis (f28)"
"A37","A13","AU",0.99135255167,"diagonal-nc-ww","diagonal-nc-ww (4)"
"A37","A14","AU",0.813343689279,"WW_cis","WW_cis (1)"
"A37","A15","AC",0.365013107331,"?<>","?<> (fuzzy-14)"
"A37","A35","AG",0.294961594988,"?H_789BPh","?H_789BPh (O5'-5)"
"A37","A35","AG",0.284055100053,"?H_789BR","?H_789BR (O4'-3)"
"A37","A35","AG",0.853979102222,"diagonal-nc-ww","diagonal-nc-ww (2)"
"A37","A36","AG",0.0920696650655,"?H_789BPh","?H_789BPh (NEXT:O3'-3)"
"A37","A36","AG",1.0,"<<","<< (mo)"
"A37","A36","AG",0.121592376193,"?H_0BPh","?H_0BPh (NEXT:O3'-1)"
"A37","A36","AG",0.188801937963,"?H_0BR","?H_0BR (O3'-1)"
"A37","A38","AA",1.0,">>",">> (mo)"
"A38","A13","AU",0.772336927375,"WW_cis","WW_cis (1)"
"A38","A14","AU",0.26697704999,"?<>","?<> (fuzzy-15)"
"A38","A35","AG",0.142525888383,"?H_789BPh","?H_789BPh (O5'-4)"
"A38","A35","AG",0.426075072895,"?H_789BR","?H_789BR (O4'-3)"
"A38","A35","AG",0.910842509041,"diagonal-nc-ww","diagonal-nc-ww (2)"
"A38","A37","AA",1.0,"<<","<< (mo)"
"A38","A37","AA",0.0988724684478,"?H_0BPh","?H_0BPh (O5'-5)"
"A38","A37","AA",0.19281701011,"?H_0BR","?H_0BR (O3'-1)"
"A38","A39","AA",1.0,"base-ribose-stacking","base-ribose-stacking"
"A38","A39","AA",1.0,">>",">> (mo)"
"A39","A11","AC",0.944652507398,"diagonal-nc-ww","diagonal-nc-ww (1)"
"A39","A13","AU",0.0773929585139,"?<>","?<> (fuzzy-9)"
"A39","A35","AG",0.66578230715,"WS_tran","WS_tran (3)"
"A39","A35","AG",0.111037129377,"?W_6BPh","?W_6BPh (O5'-1)"
"A39","A35","AG",0.0771050738599,"?H_789BR","?H_789BR (O2'-1)"
"A39","A38","AA",1.0,"<<","<< (mo)"
"A39","A38","AA",0.139601420265,"?H_0BPh","?H_0BPh (O5'-5)"
"A39","A38","AA",0.306267972314,"?H_0BR","?H_0BR (O3'-5)"
"A39","A40","AU",1.0,"base-ribose-stacking","base-ribose-stacking"
"A39","A40","AU",1.0,">>",">> (mo)"
"A40","A6","UA",0.981506298187,"diagonal-nc-ww","diagonal-nc-ww (5)"
"A40","A10","UG",0.868755983679,"diagonal-nc-ww","diagonal-nc-ww (2)"
"A40","A10","UG",0.206089045595,"?SW_cis","?SW_cis (f6)"
"A40","A35","UG",0.77982220915,"diagonal-nc-ww","diagonal-nc-ww (1)"
"A40","A35","UG",0.26800963052,"?WS_tran","?WS_tran (f7)"
"A40","A39","UA",0.119344062706,"?H_789BPh","?H_789BPh (OP2-1)"
"A40","A39","UA",1.0,"<<","<< (mo)"
"A40","A39","UA",0.0943448225354,"?H_0BPh","?H_0BPh (O5'-1)"
"A40","A39","UA",0.180360699696,"?H_0BR","?H_0BR (O3'-1)"
"A40","A41","UU",1.0,">>",">> (mo)"
"A41","A5","UU",0.984190576219,"diagonal-nc-ww","diagonal-nc-ww (2)"
"A41","A6","UA",0.829842484364,"WW_cis","WW_cis (2)"
"A41","A9","UA",0.802059714448,"SW_cis","SW_cis (5)"
"A41","A10","UG",0.528880331117,"diagonal-nc-ww","diagonal-nc-ww (1)"
"A41","A10","UG",0.0811382667075,"?<>","?<> (fuzzy-1)"
"A41","A40","UU",0.0603700709453,"?H_789BPh","?H_789BPh (OP2-1)"
"A41","A40","UU",1.0,"<<","<< (mo)"
"A41","A40","UU",0.0252913293924,"?H_0BR","?H_0BR (O3'-1)"
"A41","A42","UG",0.77414690585,">>",">> (relaxed-n12cc-13)"
"A41","A42","UG",0.982937470425,"diagonal-c","diagonal-c (5)"
"A42","A4","GG",0.995125736877,"diagonal-nc-ww","diagonal-nc-ww (4)"
"A42","A5","GU",0.0407528139705,"?W_345BR","?W_345BR (O2'-1)"
"A42","A5","GU",0.789028880958,"WW_cis","WW_cis (1)"
"A42","A6","GA",1.0,"<>","<> (mo)"
"A42","A6","GA",0.122338114449,"?W_345BR","?W_345BR (O4'-1)"
"A42","A7","GG",0.173758259531,"?SH_tran","?SH_tran (f11)"
"A42","A8","GA",0.221592344469,"?SW_cis","?SW_cis (f2)"
"A42","A9","GA",0.391718045366,"?diagonal-nc-ww","?diagonal-nc-ww (1)"
"A42","A41","GU",0.867945703476,"<<","<< (relaxed-n12cc-12)"
"A42","A41","GU",0.140599697928,"?H_0BR","?H_0BR (O2'-1)"
"A42","A41","GU",0.464331020032,"?diagonal-c","?diagonal-c (1)"
"A42","A43","GC",1.0,"base-ribose-stacking","base-ribose-stacking"
"A42","A43","GC",1.0,">>",">> (mo)"
"A43","A3","CA",0.991185857429,"diagonal-nc-ww","diagonal-nc-ww (1)"
"A43","A4","CG",0.741828105311,"WW_cis","WW_cis (3)"
"A43","A5","CU",0.701709843972,"diagonal-nc-ww","diagonal-nc-ww (5)"
"A43","A42","CG",1.0,"<<","<< (mo)"
"A43","A42","CG",0.29159664571,"?H_0BR","?H_0BR (O3'-1)"
"A43","A44","CU",1.0,">>",">> (mo)"
"A44","A2","UG",0.990439044919,"diagonal-nc-ww","diagonal-nc-ww (4)"
"A44","A3","UA",0.880700835711,"WW_cis","WW_cis (3)"
"A44","A4","UG",0.350080444873,"?<>","?<> (fuzzy-10)"
"A44","A43","UC",0.024344587782,"?H_789BPh","?H_789BPh (O5'-1)"
"A44","A43","UC",1.0,"<<","<< (mo)"
"A44","A43","UC",0.153621958279,"?H_0BR","?H_0BR (O3'-1)"
"A44","A45","UC",1.0,">>",">> (mo)"
"A45","A2","CG",0.890237507431,"WW_cis","WW_cis (18)"
"A45","A3","CA",0.024684326528,"?WW_cis","?WW_cis (f12)"
"A45","A3","CA",0.197729708041,"?<>","?<> (fuzzy-1)"
"A45","A44","CU",0.0484494811736,"?H_789BPh","?H_789BPh (O5'-5)"
"A45","A44","CU",1.0,"<<","<< (mo)"
"A45","A44","CU",0.144004159101,"?H_0BR","?H_0BR (O2'-1)"
"A45","A46","CC",1.0,">>",">> (mo)"
"A45","A46","CC",0.947590600238,"diagonal-c","diagonal-c (5)"
"A46","A2","CG",0.447542532895,"?<>","?<> (fuzzy-8)"
"A46","A45","CC",1.0,"<<","<< (mo)"
"A46","A45","CC",0.149687994434,"?H_0BR","?H_0BR (O3'-1)"
"A46","A45","CC",0.395759302718,"?diagonal-c","?diagonal-c (5)"
"B2","B3","GA",1.0,"base-ribose-stacking","base-ribose-stacking"
"B2","B3","GA",1.0,">>",">> (mo)"
"B2","B3","GA",0.794538579371,"diagonal-c","diagonal-c (5)"
"B2","B44","GU",0.995579399822,"diagonal-nc-ww","diagonal-nc-ww (2)"
"B2","B45","GC",0.889692824661,"WW_cis","WW_cis (1)"
"B2","B46","GC",0.315977739744,"?<>","?<> (fuzzy-1)"
"B3","B2","AG",1.0,"<<","<< (mo)"
"B3","B2","AG",0.178399981383,"?H_0BR","?H_0BR (O3'-1)"
"B3","B2","AG",0.772556714141,"diagonal-c","diagonal-c (5)"
"B3","B4","AG",1.0,">>",">> (mo)"
"B3","B4","AG",0.713533058773,"diagonal-c","diagonal-c (1)"
"B3","B43","AC",0.0451293212578,"?WW_cis","?WW_cis (f11)"
"B3","B43","AC",0.995917158015,"diagonal-nc-ww","diagonal-nc-ww (3)"
"B3","B44","AU",0.774273721345,"WW_cis","WW_cis (5)"
"B3","B45","AC",0.161183826595,"?<>","?<> (fuzzy-4)"
"B4","B3","GA",1.0,"<<","<< (mo)"
"B4","B3","GA",0.165848642403,"?H_0BR","?H_0BR (O3'-1)"
"B4","B3","GA",0.666513015111,"diagonal-c","diagonal-c (5)"
"B4","B5","GU",1.0,"base-ribose-stacking","base-ribose-stacking"
"B4","B5","GU",1.0,">>",">> (mo)"
"B4","B41","GU",0.954585715194,"diagonal-nc-ww","diagonal-nc-ww (1)"
"B4","B42","GG",0.190882241039,"?WW_cis","?WW_cis (f7)"
"B4","B42","GG",0.991990411055,"diagonal-nc-ww","diagonal-nc-ww (4)"
"B4","B42","GG",0.00237014095988,"?><","?>< (fuzzy-1)"
"B4","B42","GG",0.153254780547,"?WH_tran","?WH_tran (f9)"
"B4","B43","GC",0.0248220219783,"?W_345BR","?W_345BR (O2'-5)"
"B4","B43","GC",0.794064963372,"WW_cis","WW_cis (1)"
"B4","B44","GU",0.440155562291,"?<>","?<> (fuzzy-13)"
"B5","B4","UG",0.0311193620524,"?H_789BPh","?H_789BPh (OP2-1)"
"B5","B4","UG",1.0,"<<","<< (mo)"
"B5","B4","UG",0.0284771425748,"?H_0BPh","?H_0BPh (O5'-1)"
"B5","B4","UG",0.0768759963137,"?H_0BR","?H_0BR (O3'-1)"
"B5","B6","UA",0.91172707289,"diagonal-c","diagonal-c (5)"
"B5","B6","UA",0.696077579177,">>",">> (more-relaxed-n12cc-2)"
"B5","B6","UA",0.163938347075,"?SH_cis","?SH_cis (f12)"
"B5","B40","UU",0.944382771345,"diagonal-nc-ww","diagonal-nc-ww (1)"
"B5","B42","UG",0.819893676473,"WW_cis","WW_cis (6)"
"B5","B43","UC",0.774439348098,"diagonal-nc-ww","diagonal-nc-ww (5)"
"B6","B5","AU",0.771073412816,"<<","<< (more-relaxed-n12cc-13)"
"B6","B5","AU",0.458521820727,"?diagonal-c","?diagonal-c (1)"
"B6","B5","AU",0.0795502133334,"?HW_cis","?HW_cis (f14)"
"B6","B5","AU",0.221655350374,"?H_0BR","?H_0BR (O3'-1)"
"B6","B9","AA",0.112714423424,"?WH_cis","?WH_cis (f5)"
"B6","B10","AG",0.867950139755,"diagonal-nc-ww","diagonal-nc-ww (2)"
"B6","B40","AU",0.987283873361,"diagonal-nc-ww","diagonal-nc-ww (4)"
"B6","B41","AU",0.89891088148,"WW_cis","WW_cis (3)"
"B6","B42","AG",1.0,"<>","<> (mo)"
"B7","B6","GA",1.0,"H_0BR","H_0BR"
"B7","B8","GA",1.0,"base-ribose-stacking","base-ribose-stacking"
"B7","B8","GA",1.0,">>",">> (mo)"
"B7","B42","GG",0.160233924957,"?HS_tran","?HS_tran (f12)"
"B7","B43","GC",0.338629289506,"?W_345BR","?W_345BR (O2'-4)"
"B8","B7","AG",1.0,"<<","<< (mo)"
"B8","B7","AG",0.128410793572,"?H_0BPh","?H_0BPh (O5'-5)"
"B8","B7","AG",0.205924508946,"?H_0BR","?H_0BR (O3'-1)"
"B8","B9","AA",1.0,"base-ribose-stacking","base-ribose-stacking"
"B8","B9","AA",0.40722749739,"?>>","?>> (fuzzy-8)"
"B8","B9","AA",0.663493931476,"diagonal-c","diagonal-c (1)"
"B8","B42","AG",0.0756414273996,"?W_6BR","?W_6BR (O2'-5)"
"B8","B42","AG",0.188182952881,"?WS_cis","?WS_cis (f3)"
"B8","B43","AC",0.0762106308226,"?SW_2BPh","?SW_2BPh (O5'-1)"
"B9","B6","AA",0.882678126772,"diagonal-nc-ww","diagonal-nc-ww (5)"
"B9","B6","AA",0.131640981904,"?HW_cis","?HW_cis (f7)"
"B9","B8","AA",0.397372618551,"?<<","?<< (fuzzy-11)"
"B9","B8","AA",0.0761089669825,"?H_0BPh","?H_0BPh (O5'-1)"
"B9","B8","AA",0.89096354376,"diagonal-c","diagonal-c (2)"
"B9","B10","AG",1.0,"base-ribose-stacking","base-ribose-stacking"
"B9","B10","AG",1.0,">>",">> (mo)"
"B9","B10","AG",0.776753453545,"diagonal-c","diagonal-c (5)"
"B9","B40","AU",0.946437056531,"diagonal-nc-ww","diagonal-nc-ww (1)"
"B9","B41","AU",0.141996783752,"?SW_2BR","?SW_2BR (O2'-1)"
"B9","B41","AU",0.808049415321,"WS_cis","WS_cis (3)"
"B9","B41","AU",0.165151618541,"?W_6BR","?W_6BR (O2'-5)"
"B9","B42","AG",0.907990885305,"diagonal-nc-ww","diagonal-nc-ww (4)"
"B9","B42","AG",1.0,"base-ribose-stacking","base-ribose-stacking"
"B9","B42","AG",0.153566580903,"?SW_2BPh","?SW_2BPh (O5'-5)"
"B10","B6","GA",0.699792376797,"diagonal-nc-ww","diagonal-nc-ww (5)"
"B10","B9","GA",1.0,"<<","<< (mo)"
"B10","B9","GA",0.182519878162,"?H_0BR","?H_0BR (O3'-1)"
"B10","B9","GA",0.806663411788,"diagonal-c","diagonal-c (5)"
"B10","B11","GC",1.0,"base-ribose-stacking","base-ribose-stacking"
"B10","B11","GC",1.0,">>",">> (mo)"
"B10","B35","GG",0.211452461035,"?WW_cis","?WW_cis (f10)"
"B10","B35","GG",0.985039889293,"diagonal-nc-ww","diagonal-nc-ww (5)"
"B10","B39","GA",0.897941943984,"diagonal-nc-ww","diagonal-nc-ww (1)"
"B10","B40","GU",0.0995585692305,"?S_1BR","?S_1BR (O2'-5)"
"B10","B40","GU",0.23076142894,"?WS_cis","?WS_cis (f9)"
"B10","B41","GU",0.112017145792,"?S_1BR","?S_1BR (O4'-2)"
"B10","B41","GU",0.147200661297,"?<>","?<> (fuzzy-1)"
"B11","B10","CG",0.103374346789,"?H_789BPh","?H_789BPh (O5'-5)"
"B11","B10","CG",1.0,"<<","<< (mo)"
"B11","B10","CG",0.204081008427,"?H_0BR","?H_0BR (O3'-1)"
"B11","B12","CG",0.205765267792,"?H_0BPh","?H_0BPh (OP2-5)"
"B11","B12","CG",0.673486364864,">>",">> (relaxed-nn-8)"
"B11","B12","CG",0.569140036344,"diagonal-c","diagonal-c (1)"
"B11","B35","CG",0.127269549248,"?W_6BPh","?W_6BPh (OP2-1)"
"B11","B35","CG",0.867667520612,"WW_cis","WW_cis (8)"
"B11","B40","CU",0.407471550216,"?diagonal-nc-ww","?diagonal-nc-ww (1)"
"B12","B11","GC",0.849527622567,"<<","<< (relaxed-nn-2)"
"B12","B11","GC",0.549771909976,"diagonal-c","diagonal-c (1)"
"B12","B13","GU",0.297127881437,"?SH_cis","?SH_cis (f13)"
"B12","B34","GC",0.282564575146,"?W_345BR","?W_345BR (O3'-4)"
"B12","B34","GC",0.212435743545,"?><","?>< (fuzzy-1)"
"B12","B35","GG",1.0,"<>","<> (mo)"
"B12","B35","GG",1.0,"W_345BPh","W_345BPh"
"B12","B35","GG",0.0861663668558,"?W_345BR","?W_345BR (O4'-5)"
"B12","B38","GA",0.465670425027,"?diagonal-nc-ww","?diagonal-nc-ww (1)"
"B13","B12","UG",0.236164874364,"?HS_cis","?HS_cis (f2)"
"B13","B12","UG",1.0,"H_0BR","H_0BR"
"B13","B12","UG",0.0272060834689,"?H_0BPh","?H_0BPh (O5'-1)"
"B13","B14","UU",1.0,">>",">> (mo)"
"B13","B14","UU",0.696672595668,"diagonal-c","diagonal-c (5)"
"B13","B34","UC",0.163676336778,"?HW_tran","?HW_tran (f3)"
"B13","B34","UC",0.729919220696,"diagonal-nc-ww","diagonal-nc-ww (1)"
"B13","B34","UC",0.35360875532,"?><","?>< (fuzzy-16)"
"B13","B35","UG",0.683284537515,"diagonal-nc-ww","diagonal-nc-ww (1)"
"B13","B36","UG",0.944495319919,"diagonal-nc-ww","diagonal-nc-ww (1)"
"B13","B37","UA",0.983995325787,"diagonal-nc-ww","diagonal-nc-ww (2)"
"B13","B38","UA",0.817298797924,"WW_cis","WW_cis (5)"
"B13","B39","UA",0.297600096385,"?<>","?<> (relaxed-n12cc-1)"
"B14","B12","UG",0.615116312471,"diagonal-nc-ww","diagonal-nc-ww (1)"
"B14","B13","UU",1.0,"<<","<< (mo)"
"B14","B13","UU",0.670554964317,"diagonal-c","diagonal-c (1)"
"B14","B13","UU",0.00822922587422,"?H_0BPh","?H_0BPh (O5'-1)"
"B14","B13","UU",0.0599359327704,"?H_0BR","?H_0BR (O3'-1)"
"B14","B15","UC",0.193006565291,"?diagonal-c","?diagonal-c (1)"
"B14","B15","UC",1.0,">>",">> (mo)"
"B14","B33","UC",0.742643657748,"diagonal-nc-ww","diagonal-nc-ww (1)"
"B14","B34","UC",0.204256347572,"?HW_tran","?HW_tran (f5)"
"B14","B36","UG",0.981001962057,"diagonal-nc-ww","diagonal-nc-ww (1)"
"B14","B37","UA",0.817315456976,"WW_cis","WW_cis (7)"
"B14","B38","UA",1.0,"<>","<> (mo)"
"B15","B14","CU",1.0,"<<","<< (mo)"
"B15","B14","CU",0.118199969389,"?H_0BR","?H_0BR (O3'-1)"
"B15","B14","CU",0.0488378699643,"?diagonal-c","?diagonal-c (5)"
"B15","B16","CA",0.905296184444,">>",">> (relaxed-n12cc-2)"
"B15","B16","CA",0.80700996205,"diagonal-c","diagonal-c (4)"
"B15","B33","CC",0.906830014676,"diagonal-nc-ww","diagonal-nc-ww (1)"
"B15","B34","CC",0.161811441481,"?HW_tran","?HW_tran (f12)"
"B15","B34","CC",0.110484080303,"?W_6BR","?W_6BR (O2'-1)"
"B15","B34","CC",0.192699573286,"?HS_tran","?HS_tran (f9)"
"B15","B36","CG",0.782430735195,"WW_cis","WW_cis (26)"
"B15","B37","CA",1.0,"<>","<> (mo)"
"B16","B15","AC",0.119004385672,"?H_0BR","?H_0BR (O2'-1)"
"B16","B15","AC",0.944351568075,"<<","<< (relaxed-n12cc-1)"
"B16","B15","AC",0.769567364411,"diagonal-c","diagonal-c (5)"
"B16","B15","AC",0.18142013254,"?HW_cis","?HW_cis (f6)"
"B16","B15","AC",0.0465096993849,"?H_0BPh","?H_0BPh (O5'-1)"
"B16","B17","AG",1.0,"base-ribose-stacking","base-ribose-stacking"
"B16","B17","AG",1.0,">>",">> (mo)"
"B16","B17","AG",0.78867839538,"diagonal-c","diagonal-c (5)"
"B16","B32","AC",0.963563540808,"diagonal-nc-ww","diagonal-nc-ww (2)"
"B16","B33","AC",0.74032985463,"WW_cis","WW_cis (11)"
"B16","B34","AC",0.701211625787,"diagonal-nc-ww","diagonal-nc-ww (1)"
"B16","B36","AG",1.0,"<>","<> (mo)"
"B17","B16","GA",1.0,"<<","<< (mo)"
"B17","B16","GA",0.294410415892,"?H_0BR","?H_0BR (O3'-1)"
"B17","B16","GA",0.815154974416,"diagonal-c","diagonal-c (5)"
"B17","B18","GC",1.0,"base-ribose-stacking","base-ribose-stacking"
"B17","B18","GC",1.0,">>",">> (mo)"
"B17","B31","GG",0.993647741759,"diagonal-nc-ww","diagonal-nc-ww (3)"
"B17","B32","GC",0.838365333086,"WW_cis","WW_cis (1)"
"B17","B33","GC",0.137280369818,"?W_345BR","?W_345BR (O4'-5)"
"B17","B33","GC",0.713398950049,"diagonal-nc-ww","diagonal-nc-ww (1)"
"B17","B33","GC",0.24021726987,"?<>","?<> (fuzzy-1)"
"B18","B17","CG",0.0642242638821,"?H_789BPh","?H_789BPh (O5'-5)"
"B18","B17","CG",1.0,"<<","<< (mo)"
"B18","B17","CG",0.0872503900446,"?H_0BPh","?H_0BPh (O5'-5)"
"B18","B17","CG",0.138146343813,"?H_0BR","?H_0BR (O3'-1)"
"B18","B19","CG",0.0675529408608,"?WH_cis","?WH_cis (f15)"
"B18","B19","CG",0.783432485646,">>",">> (more-relaxed-n12cc-15)"
"B18","B19","CG",0.545959893389,"diagonal-c","diagonal-c (1)"
"B18","B30","CC",0.990663522747,"diagonal-nc-ww","diagonal-nc-ww (4)"
"B18","B31","CG",0.863623637548,"WW_cis","WW_cis (6)"
"B18","B32","CC",0.809098195595,"diagonal-nc-ww","diagonal-nc-ww (5)"
"B18","B32","CC",0.0975994672075,"?<>","?<> (fuzzy-16)"
"B19","B18","GC",0.884883569018,"<<","<< (more-relaxed-n12cc-10)"
"B19","B18","GC",0.488400540309,"?diagonal-c","?diagonal-c (1)"
"B19","B18","GC",0.0480431403114,"?HW_cis","?HW_cis (f9)"
"B19","B18","GC",0.237878725338,"?H_0BR","?H_0BR (O3'-1)"
"B19","B20","GG",1.0,"base-ribose-stacking","base-ribose-stacking"
"B19","B20","GG",1.0,">>",">> (mo)"
"B19","B20","GG",0.534911423355,"diagonal-c","diagonal-c (2)"
"B19","B29","GC",0.995712686838,"diagonal-nc-ww","diagonal-nc-ww (4)"
"B19","B30","GC",0.849184919579,"WW_cis","WW_cis (1)"
"B19","B31","GG",1.0,"<>","<> (mo)"
"B20","B19","GG",1.0,"<<","<< (mo)"
"B20","B19","GG",0.168820197416,"?H_0BR","?H_0BR (O3'-1)"
"B20","B19","GG",0.590022984793,"diagonal-c","diagonal-c (5)"
"B20","B21","GC",1.0,"base-ribose-stacking","base-ribose-stacking"
"B20","B21","GC",1.0,">>",">> (mo)"
"B20","B28","GG",0.990127844462,"diagonal-nc-ww","diagonal-nc-ww (4)"
"B20","B28","GG",0.0316012796494,"?><","?>< (fuzzy-1)"
"B20","B29","GC",0.730822832527,"WW_cis","WW_cis (12)"
"B20","B30","GC",1.0,"<>","<> (mo)"
"B21","B20","CG",1.0,"<<","<< (mo)"
"B21","B20","CG",0.0762600183845,"?H_0BPh","?H_0BPh (O5'-5)"
"B21","B20","CG",0.181470119435,"?H_0BR","?H_0BR (O3'-1)"
"B21","B22","CC",1.0,">>",">> (mo)"
"B21","B27","CG",0.985918023001,"diagonal-nc-ww","diagonal-nc-ww (4)"
"B21","B28","CG",0.784271005997,"WW_cis","WW_cis (6)"
"B21","B29","CC",0.824038010525,"diagonal-nc-ww","diagonal-nc-ww (5)"
"B21","B29","CC",0.0760384403753,"?<>","?<> (fuzzy-1)"
"B22","B21","CC",1.0,"<<","<< (mo)"
"B22","B21","CC",0.126247499685,"?H_0BR","?H_0BR (O3'-1)"
"B22","B23","CG",1.0,"base-ribose-stacking","base-ribose-stacking"
"B22","B23","CG",0.184656581183,"?H_0BPh","?H_0BPh (OP2-5)"
"B22","B23","CG",0.86946614672,">>",">> (relaxed-n12cc-3)"
"B22","B23","CG",0.500440670688,"diagonal-c","diagonal-c (1)"
"B22","B26","CA",0.870591157849,"diagonal-nc-ww","diagonal-nc-ww (2)"
"B22","B27","CG",0.882440663077,"WW_cis","WW_cis (8)"
"B22","B28","CG",0.337083086743,"?<>","?<> (fuzzy-1)"
"B23","B22","GC",0.174352677454,"?H_0BR","?H_0BR (O3'-1)"
"B23","B22","GC",0.962593933554,"<<","<< (relaxed-n12cc-3)"
"B23","B22","GC",0.568219083427,"diagonal-c","diagonal-c (1)"
"B23","B22","GC",0.0330623377186,"?HW_cis","?HW_cis (f9)"
"B23","B22","GC",0.0503101388175,"?H_0BPh","?H_0BPh (O5'-5)"
"B23","B24","GA",0.0229576313669,"?H_0BPh","?H_0BPh (OP2-1)"
"B23","B25","GA",0.0409273146913,"?W_345BR","?W_345BR (O3'-1)"
"B23","B26","GA",0.538492953794,"diagonal-nc-ww","diagonal-nc-ww (1)"
"B23","B26","GA",0.774788814668,"SH_tran","SH_tran (6)"
"B23","B26","GA",1.0,"W_345BPh","W_345BPh"
"B23","B27","GG",1.0,"<>","<> (mo)"
"B24","B23","AG",0.353791722036,"?H_0BR","?H_0BR (O3'-4)"
"B24","B25","AA",1.0,"base-ribose-stacking","base-ribose-stacking"
"B24","B25","AA",1.0,">>",">> (mo)"
"B25","B23","AG",0.608100160559,"diagonal-nc-ww","diagonal-nc-ww (1)"
"B25","B23","AG",1.0,"H_789BR","H_789BR"
"B25","B24","AA",0.107071268554,"?H_789BPh","?H_789BPh (NEXT:O3'-1)"
"B25","B24","AA",1.0,"<<","<< (mo)"
"B25","B24","AA",0.254865452178,"?H_0BR","?H_0BR (O3'-5)"
"B25","B26","AA",1.0,">>",">> (mo)"
"B26","B22","AC",0.886392044193,"diagonal-nc-ww","diagonal-nc-ww (1)"
"B26","B23","AG",0.648394637972,"HS_tran","HS_tran (9)"
"B26","B25","AA",1.0,"<<","<< (mo)"
"B26","B25","AA",0.217366667321,"?H_0BR","?H_0BR (O3'-1)"
"B26","B27","AG",1.0,"base-ribose-stacking","base-ribose-stacking"
"B26","B27","AG",0.943976789967,">>",">> (relaxed-n12cc-7)"
"B26","B27","AG",0.885161401851,"diagonal-c","diagonal-c (5)"
"B27","B21","GC",0.990534828681,"diagonal-nc-ww","diagonal-nc-ww (5)"
"B27","B22","GC",0.765174910429,"WW_cis","WW_cis (1)"
"B27","B23","GG",1.0,"<>","<> (mo)"
"B27","B26","GA",0.931687767189,"<<","<< (relaxed-n12cc-12)"
"B27","B26","GA",0.946562826387,"diagonal-c","diagonal-c (5)"
"B27","B26","GA",0.0425029588148,"?H_0BPh","?H_0BPh (O5'-1)"
"B27","B26","GA",0.157786394363,"?H_0BR","?H_0BR (O3'-1)"
"B27","B28","GG",1.0,">>",">> (mo)"
"B27","B28","GG",0.580075069643,"diagonal-c","diagonal-c (2)"
"B28","B20","GG",0.993763617636,"diagonal-nc-ww","diagonal-nc-ww (5)"
"B28","B20","GG",0.0446766972291,"?><","?>< (fuzzy-1)"
"B28","B21","GC",0.726128814125,"WW_cis","WW_cis (8)"
"B28","B22","GC",0.170285323033,"?W_345BR","?W_345BR (O4'-5)"
"B28","B22","GC",0.320619523551,"?<>","?<> (fuzzy-1)"
"B28","B27","GG",1.0,"<<","<< (mo)"
"B28","B27","GG",0.142892478528,"?H_0BR","?H_0BR (O2'-1)"
"B28","B27","GG",0.622134572342,"diagonal-c","diagonal-c (5)"
"B28","B29","GC",1.0,"base-ribose-stacking","base-ribose-stacking"
"B28","B29","GC",1.0,">>",">> (mo)"
"B29","B19","CG",0.985515883043,"diagonal-nc-ww","diagonal-nc-ww (4)"
"B29","B20","CG",0.831980964595,"WW_cis","WW_cis (12)"
"B29","B21","CC",0.835637954899,"diagonal-nc-ww","diagonal-nc-ww (5)"
"B29","B21","CC",0.0246763535112,"?<>","?<> (fuzzy-1)"
"B29","B28","CG",0.0123388195196,"?H_789BPh","?H_789BPh (OP2-5)"
"B29","B28","CG",1.0,"<<","<< (mo)"
"B29","B28","CG",0.1591324456,"?H_0BR","?H_0BR (O3'-1)"
"B29","B30","CC",1.0,"base-ribose-stacking","base-ribose-stacking"
"B29","B30","CC",1.0,">>",">> (mo)"
"B30","B18","CC",0.997048803794,"diagonal-nc-ww","diagonal-nc-ww (3)"
"B30","B19","CG",0.935684714857,"WW_cis","WW_cis (9)"
"B30","B20","CG",1.0,"<>","<> (mo)"
"B30","B29","CC",1.0,"<<","<< (mo)"
"B30","B29","CC",0.146961208843,"?H_0BR","?H_0BR (O3'-1)"
"B30","B31","CG",0.0788165945805,"?H_0BPh","?H_0BPh (NEXT:O3'-5)"
"B30","B31","CG",0.631828375343,">>",">> (relaxed-n12cc-15)"
"B30","B31","CG",0.584750482422,"diagonal-c","diagonal-c (1)"
"B31","B17","GG",0.994942712195,"diagonal-nc-ww","diagonal-nc-ww (3)"
"B31","B18","GC",0.900222811876,"WW_cis","WW_cis (4)"
"B31","B19","GG",1.0,"<>","<> (mo)"
"B31","B30","GC",0.558548980406,"<<","<< (relaxed-n12cc-1)"
"B31","B30","GC",0.469108592993,"?diagonal-c","?diagonal-c (1)"
"B31","B30","GC",0.0517771211772,"?H_0BPh","?H_0BPh (O5'-1)"
"B31","B30","GC",0.162759921454,"?H_0BR","?H_0BR (O3'-1)"
"B31","B32","GC",1.0,"base-ribose-stacking","base-ribose-stacking"
"B31","B32","GC",1.0,">>",">> (mo)"
"B32","B16","CA",0.988261120178,"diagonal-nc-ww","diagonal-nc-ww (1)"
"B32","B17","CG",0.861006793561,"WW_cis","WW_cis (8)"
"B32","B18","CC",0.782036657916,"diagonal-nc-ww","diagonal-nc-ww (5)"
"B32","B18","CC",0.114448655474,"?<>","?<> (fuzzy-1)"
"B32","B31","CG",1.0,"<<","<< (mo)"
"B32","B31","CG",0.00320198700254,"?H_0BPh","?H_0BPh (O5'-5)"
"B32","B31","CG",0.130855728751,"?H_0BR","?H_0BR (O3'-1)"
"B32","B33","CC",1.0,">>",">> (mo)"
"B33","B14","CU",0.985034927285,"diagonal-nc-ww","diagonal-nc-ww (2)"
"B33","B14","CU",0.0640415441494,"?W_6BPh","?W_6BPh (OP2-4)"
"B33","B16","CA",0.684599557748,"WW_cis","WW_cis (11)"
"B33","B17","CG",0.64694158221,"diagonal-nc-ww","diagonal-nc-ww (1)"
"B33","B17","CG",0.327900248474,"?<>","?<> (fuzzy-1)"
"B33","B32","CC",0.0644220784726,"?H_789BPh","?H_789BPh (O5'-5)"
"B33","B32","CC",1.0,"<<","<< (mo)"
"B33","B32","CC",0.180286830726,"?H_0BR","?H_0BR (O3'-1)"
"B33","B34","CC",1.0,"base-ribose-stacking","base-ribose-stacking"
"B33","B34","CC",1.0,">>",">> (mo)"
"B33","B36","CG",0.777841460513,"diagonal-nc-ww","diagonal-nc-ww (3)"
"B34","B12","CG",0.0205441742464,"?H_789BPh","?H_789BPh (O5'-1)"
"B34","B12","CG",1.0,"H_789BR","H_789BR"
"B34","B12","CG",0.249706727633,"?><","?>< (fuzzy-5)"
"B34","B13","CU",0.885810320861,"diagonal-nc-ww","diagonal-nc-ww (5)"
"B34","B13","CU",0.0304358320698,"?W_6BR","?W_6BR (O3'-1)"
"B34","B13","CU",0.124635083927,"?WH_tran","?WH_tran (f1)"
"B34","B13","CU",0.170804520797,"?HW_tran","?HW_tran (f3)"
"B34","B13","CU",1.0,"H_789BPh","H_789BPh"
"B34","B13","CU",0.306326871257,"?><","?>< (fuzzy-10)"
"B34","B14","CU",0.367362886474,"?W_6BPh","?W_6BPh (OP2-5)"
"B34","B14","CU",0.312198428303,"?WH_tran","?WH_tran (f5)"
"B34","B15","CC",0.190574505715,"?SH_tran","?SH_tran (f1)"
"B34","B16","CA",0.529074600645,"diagonal-nc-ww","diagonal-nc-ww (1)"
"B34","B33","CC",1.0,"<<","<< (mo)"
"B34","B35","CG",0.840363723433,"long-stacking-c","long-stacking-c (3)"
"B34","B37","CA",0.780583551252,"diagonal-nc-ww","diagonal-nc-ww (2)"
"B35","B7","GG",0.00206255633398,"?H_0BPh","?H_0BPh (OP1-1)"
"B35","B10","GG",0.257400136827,"?WW_cis","?WW_cis (f7)"
"B35","B10","GG",0.995491476236,"diagonal-nc-ww","diagonal-nc-ww (5)"
"B35","B10","GG",0.0975095576543,"?><","?>< (fuzzy-1)"
"B35","B11","GC",0.910737015798,"WW_cis","WW_cis (1)"
"B35","B12","GG",1.0,"<>","<> (mo)"
"B35","B13","GU",0.520305992755,"diagonal-nc-ww","diagonal-nc-ww (1)"
"B35","B34","GC",0.931805714705,"long-stacking-c","long-stacking-c (1)"
"B35","B36","GG",0.40499560772,"?H_0BPh","?H_0BPh (OP2-3)"
"B35","B37","GA",0.32912082676,"?diagonal-nc-ww","?diagonal-nc-ww (1)"
"B35","B39","GA",0.821946379227,"SW_tran","SW_tran (3)"
"B35","B40","GU",0.663339610073,"diagonal-nc-ww","diagonal-nc-ww (1)"
"B36","B14","GU",0.992248186602,"diagonal-nc-ww","diagonal-nc-ww (3)"
"B36","B15","GC",0.729761861585,"WW_cis","WW_cis (13)"
"B36","B16","GA",1.0,"<>","<> (mo)"
"B36","B16","GA",0.0753687273525,"?W_345BR","?W_345BR (O4'-1)"
"B36","B33","GC",0.890398917782,"diagonal-nc-ww","diagonal-nc-ww (5)"
"B36","B34","GC",0.913907774226,"diagonal-nc-ww","diagonal-nc-ww (3)"
"B36","B37","GA",0.0866101260231,"?S_1BR","?S_1BR (O4'-5)"
"B36","B37","GA",0.937339804187,">>",">> (relaxed-n12cc-10)"
"B36","B37","GA",0.864076174222,"diagonal-c","diagonal-c (5)"
"B37","B13","AU",0.989798216499,"diagonal-nc-ww","diagonal-nc-ww (4)"
"B37","B14","AU",0.825790760734,"WW_cis","WW_cis (7)"
"B37","B15","AC",1.0,"<>","<> (mo)"
"B37","B35","AG",0.0205843858081,"?H_789BPh","?H_789BPh (O5'-1)"
"B37","B35","AG",0.16736832457,"?H_789BR","?H_789BR (O4'-1)"
"B37","B35","AG",0.799684051936,"diagonal-nc-ww","diagonal-nc-ww (2)"
"B37","B36","AG",0.954558851501,"<<","<< (relaxed-n12cc-8)"
"B37","B36","AG",0.711566755117,"diagonal-c","diagonal-c (5)"
"B37","B36","AG",0.0968474303989,"?H_0BPh","?H_0BPh (NEXT:O3'-1)"
"B37","B36","AG",0.195631141512,"?H_0BR","?H_0BR (O3'-1)"
"B37","B38","AA",1.0,"base-ribose-stacking","base-ribose-stacking"
"B37","B38","AA",1.0,">>",">> (mo)"
"B37","B38","AA",0.772909117631,"diagonal-c","diagonal-c (1)"
"B38","B13","AU",0.782789016522,"WW_cis","WW_cis (1)"
"B38","B14","AU",1.0,"<>","<> (mo)"
"B38","B35","AG",0.877982282975,"diagonal-nc-ww","diagonal-nc-ww (2)"
"B38","B35","AG",0.303756160039,"?H_789BR","?H_789BR (O4'-1)"
"B38","B37","AA",1.0,"<<","<< (mo)"
"B38","B37","AA",0.855948815628,"diagonal-c","diagonal-c (2)"
"B38","B37","AA",0.0790741372051,"?H_0BPh","?H_0BPh (O5'-1)"
"B38","B37","AA",0.0980421513553,"?H_0BR","?H_0BR (O3'-1)"
"B38","B39","AA",1.0,"base-ribose-stacking","base-ribose-stacking"
"B38","B39","AA",1.0,">>",">> (mo)"
"B39","B10","AG",0.977377553182,"diagonal-nc-ww","diagonal-nc-ww (1)"
"B39","B11","AC",0.940262868873,"diagonal-nc-ww","diagonal-nc-ww (1)"
"B39","B13","AU",0.11558108374,"?<>","?<> (fuzzy-5)"
"B39","B35","AG",0.657573785307,"WS_tran","WS_tran (1)"
"B39","B35","AG",0.0391250020297,"?H_789BR","?H_789BR (O2'-1)"
"B39","B38","AA",1.0,"<<","<< (mo)"
"B39","B38","AA",0.1422494489,"?H_0BPh","?H_0BPh (O5'-5)"
"B39","B38","AA",0.211854890124,"?H_0BR","?H_0BR (O3'-1)"
"B39","B40","AU",1.0,"base-ribose-stacking","base-ribose-stacking"
"B39","B40","AU",1.0,">>",">> (mo)"
"B40","B5","UU",0.899924793223,"diagonal-nc-ww","diagonal-nc-ww (1)"
"B40","B6","UA",0.988238898289,"diagonal-nc-ww","diagonal-nc-ww (4)"
"B40","B10","UG",0.245141082748,"?SW_cis","?SW_cis (f6)"
"B40","B35","UG",0.764522038468,"diagonal-nc-ww","diagonal-nc-ww (1)"
"B40","B39","UA",0.107548592445,"?H_789BPh","?H_789BPh (OP2-1)"
"B40","B39","UA",1.0,"<<","<< (mo)"
"B40","B39","UA",0.106055693705,"?H_0BPh","?H_0BPh (O5'-1)"
"B40","B39","UA",0.165804926434,"?H_0BR","?H_0BR (O3'-1)"
"B40","B41","UU",1.0,"base-ribose-stacking","base-ribose-stacking"
"B40","B41","UU",1.0,">>",">> (mo)"
"B41","B5","UU",0.994880433519,"diagonal-nc-ww","diagonal-nc-ww (4)"
"B41","B6","UA",0.904892951112,"WW_cis","WW_cis (2)"
"B41","B9","UA",0.834076865845,"SW_cis","SW_cis (8)"
"B41","B10","UG",0.0811822353255,"?<>","?<> (fuzzy-1)"
"B41","B40","UU",0.0704169842982,"?H_789BPh","?H_789BPh (OP2-1)"
"B41","B40","UU",1.0,"<<","<< (mo)"
"B41","B40","UU",0.0433971889544,"?H_0BR","?H_0BR (O3'-1)"
"B41","B42","UG",0.316278626446,"?>>","?>> (more-relaxed-n12cc-1)"
"B41","B42","UG",0.936923380865,"diagonal-c","diagonal-c (5)"
"B42","B3","GA",0.886963698454,"diagonal-nc-ww","diagonal-nc-ww (1)"
"B42","B4","GG",0.148750362764,"?WW_cis","?WW_cis (f16)"
"B42","B4","GG",0.996460429063,"diagonal-nc-ww","diagonal-nc-ww (5)"
"B42","B5","GU",0.82089204373,"WW_cis","WW_cis (2)"
"B42","B6","GA",1.0,"<>","<> (mo)"
"B42","B6","GA",0.141249052319,"?W_345BR","?W_345BR (O4'-1)"
"B42","B7","GG",0.192663308375,"?SH_tran","?SH_tran (f11)"
"B42","B8","GA",0.234844469706,"?SW_cis","?SW_cis (f10)"
"B42","B9","GA",0.408931084969,"?diagonal-nc-ww","?diagonal-nc-ww (1)"
"B42","B41","GU",0.623989255561,"<<","<< (more-relaxed-n12cc-1)"
"B42","B41","GU",0.113874481994,"?H_0BR","?H_0BR (O2'-1)"
"B42","B41","GU",0.452383157181,"?diagonal-c","?diagonal-c (1)"
"B42","B43","GC",1.0,"base-ribose-stacking","base-ribose-stacking"
"B42","B43","GC",1.0,">>",">> (mo)"
"B43","B3","CA",0.130959351474,"?WW_cis","?WW_cis (f15)"
"B43","B3","CA",0.992770255485,"diagonal-nc-ww","diagonal-nc-ww (3)"
"B43","B4","CG",0.894081990492,"WW_cis","WW_cis (1)"
"B43","B5","CU",0.660622625966,"diagonal-nc-ww","diagonal-nc-ww (5)"
"B43","B42","CG",1.0,"<<","<< (mo)"
"B43","B42","CG",0.37496950341,"?H_0BR","?H_0BR (O3'-5)"
"B43","B44","CU",1.0,">>",">> (mo)"
"B44","B2","UG",0.990444755188,"diagonal-nc-ww","diagonal-nc-ww (2)"
"B44","B3","UA",0.832504232274,"WW_cis","WW_cis (4)"
"B44","B4","UG",0.439033922283,"?<>","?<> (fuzzy-12)"
"B44","B43","UC",0.066666736883,"?H_789BPh","?H_789BPh (O5'-1)"
"B44","B43","UC",1.0,"<<","<< (mo)"
"B44","B43","UC",0.191375212067,"?H_0BR","?H_0BR (O3'-1)"
"B44","B45","UC",0.280904548254,"?diagonal-c","?diagonal-c (1)"
"B44","B45","UC",1.0,">>",">> (mo)"
"B45","B2","CG",0.84502911042,"WW_cis","WW_cis (8)"
"B45","B3","CA",0.23465754576,"?<>","?<> (relaxed-n12cc-10)"
"B45","B44","CU",1.0,"<<","<< (mo)"
"B45","B44","CU",0.173657809136,"?H_0BR","?H_0BR (O2'-1)"
"B45","B44","CU",0.076610814523,"?diagonal-c","?diagonal-c (5)"
"B45","B46","CC",1.0,">>",">> (mo)"
"B45","B46","CC",0.967292408752,"diagonal-c","diagonal-c (5)"
"B46","B2","CG",0.262176694385,"?<>","?<> (fuzzy-1)"
"B46","B45","CC",1.0,"<<","<< (mo)"
"B46","B45","CC",0.10955833361,"?H_0BR","?H_0BR (O3'-1)"
"B46","B45","CC",0.375823130878,"?diagonal-c","?diagonal-c (5)"
